sim_time,value_0,value_1,value_2
0.016,3.862919389517571,-2.4940574584103006,0.32225246858591833
