sim_time,value_0,value_1
0.016,0.023058782279931318,0.10002744827507379
