sim_time,value_0,value_1,value_2
0.016,-0.03985125097860074,-0.8329583730335501,0.18454467267722388
