sim_time,value_0,value_1,value_2
0.016,-1.972009636836235,-3.1699614541779084,0.329055539834487
