sim_time,value_0,value_1,value_2
0.016,-0.14388478785271647,0.0816139560724421,0.0004074951841343405
