sim_time,value_0,value_1,value_2
0.016,0.15095737060891073,-0.039713797935802424,1.4966863728606619
