sim_time,value_0,value_1,value_2
0.016,0.09725924691913637,-0.010255608858478593,0.15439188598023124
