sim_time,value_0,value_1,value_2
48.016,-0.6326832535748566,1.008612538366059,9.874124112320727
