sim_time,value_0,value_1
48.016,6.306115503718163,-6.21256729426527
