sim_time,value_0,value_1,value_2
48.016,-0.31144858383453194,-0.9139425780480077,0.11983279370376718
