sim_time,value_0,value_1,value_2
48.016,-2.075903811091271,-3.815863251290175,0.4943911874123944
