sim_time,value_0,value_1,value_2
48.016,-0.08342134835805448,-0.04831728264509376,-1.3710462071169194
