sim_time,value_0,value_1,value_2
48.016,0.006606853535043575,0.26840129918592526,2.2304531165279
