sim_time,value_0,value_1,value_2
48.016,6.002548395756521,0.05125925844150992,0.028104201610115266
