sim_time,value_0,value_1,value_2
56.016,-1.0302259273274494,-0.3776896837768765,10.739372629904029
