sim_time,value_0,value_1
56.016,6.277862230044629,6.2477429380292495
