sim_time,value_0,value_1,value_2
56.016,0.48458285259406453,-0.8921610662752947,0.19183278839991877
