sim_time,value_0,value_1,value_2
56.016,-2.1659833660659085,-4.105596230936336,0.22210341015403307
