sim_time,value_0,value_1,value_2
56.016,0.027999101919980035,0.13614562078468437,1.272461315891162
