sim_time,value_0,value_1,value_2
56.016,0.09738261330284165,0.10846957058327714,1.3542539220160354
