sim_time,value_0,value_1,value_2
56.016,10.565744203713294,2.345983653228168,0.11136009669635459
